ID,Name,Gene Name,GenBank Protein ID,GenBank Gene ID,UniProt ID,Uniprot Title,PDB ID,GeneCard ID,GenAtlas ID,HGNC ID,Species,Drug IDs
P14060,3 beta-hydroxysteroid dehydrogenase/Delta 5-->4-isomerase type 1,HSD3B1,306889,M27137,P14060,3BHS1_HUMAN,"",,HSD3B1,HGNC:5217,Human,DB01536
P30556,Type-1 angiotensin II receptor,AGTR1,179122,M91464,P30556,AGTR1_HUMAN,1ZV0; 4YAY; 4ZUD,,AGTR1,HGNC:336,Human,DB01342; DB01347
P25021,Histamine H2 receptor,HRH2,184088,M64799,P25021,HRH2_HUMAN,"",,HRH2,HGNC:5183,Human,DB08805
Q05940,Synaptic vesicular amine transporter,SLC18A2,292335,L09118,Q05940,VMAT2_HUMAN,"",,SLC18A2,HGNC:10935,Human,DB01442; DB01454; DB01472
P24046,Gamma-aminobutyric acid receptor subunit rho-1,GABRR1,182911,M62400,P24046,GBRR1_HUMAN,"",,GABRR1,HGNC:4090,Human,DB00466
P10275,Androgen receptor,AR,178628,M20132,P10275,ANDR_HUMAN,1E3G; 1GS4; 1T5Z; 1T63; 1T65; 1XJ7; 1XOW; 1XQ3; 1Z95; 2AM9; 2AMA; 2AMB; 2AO6; 2AX6; 2AX7; 2AX8; 2AX9; 2AXA; 2HVC; 2OZ7; 2PIO; 2PIP; 2PIQ; 2PIR; 2PIT; 2PIU; 2PIV; 2PIW; 2PIX; 2PKL; 2PNU; 2Q7I; 2Q7J; 2Q7K; 2Q7L; 2YHD; 2YLO; 2YLP; 2YLQ; 2Z4J; 3B5R; 3B65; 3B66; 3B67; 3B68; 3BTR; 3L3X; 3L3Z; 3RLJ; 3RLL; 3V49; 3V4A; 3ZQT; 4HLW; 4K7A; 4OEA; 4OED; 4OEY; 4OEZ; 4OFR; 4OFU; 4OGH; 4OH5; 4OH6; 4OHA; 4OIL; 4OIU; 4OJ9; 4OJB; 4OK1; 4OKB; 4OKT; 4OKW; 4OKX; 4OLM; 4QL8; 4U4K,,AR,HGNC:644,Human,DB01481; DB01564
P08588,Beta-1 adrenergic receptor,ADRB1,178200,J03019,P08588,ADRB1_HUMAN,2LSQ,,ADRB1,HGNC:285,Human,DB13781
P14061,Estradiol 17-beta-dehydrogenase 1,HSD17B1,23365,X13440,P14061,DHB1_HUMAN,1A27; 1BHS; 1DHT; 1EQU; 1FDS; 1FDT; 1FDU; 1FDV; 1FDW; 1I5R; 1IOL; 1JTV; 1QYV; 1QYW; 1QYX; 3DEY; 3DHE; 3HB4; 3HB5; 3KLM; 3KLP; 3KM0,,HSD17B1,HGNC:5210,Human,DB01536
P12821,Angiotensin-converting enzyme,ACE,178286,J04144,P12821,ACE_HUMAN,1O86; 1O8A; 1UZE; 1UZF; 2C6F; 2C6N; 2IUL; 2IUX; 2OC2; 2XY9; 2XYD; 2YDM; 3BKK; 3BKL; 3L3N; 3NXQ; 4APH; 4APJ; 4BXK; 4BZR; 4BZS; 4C2N; 4C2O; 4C2P; 4C2Q; 4C2R; 4CA5; 4CA6; 4UFA; 4UFB,,ACE,HGNC:2707,Human,DB13166
P08473,Neprilysin,MME,34758,X07166,P08473,NEP_HUMAN,1DL9; 1DMT; 1QVD; 1R1H; 1R1I; 1R1J; 1Y8J; 2QPJ; 2YB9; 4CTH,,MME,HGNC:7154,Human,DB00616; DB11623
P0A7S3,30S ribosomal protein S12,rpsL,43010,V00355,P0A7S3,RS12_ECOLI,1M5G; 1MJ1; 1ZN1; 2YKR; 3DEG; 3EP2; 3EQ3; 3EQ4; 3J0D; 3J0E; 3J9Y; 3J9Z; 3JA1; 4A2I; 4ADV; 4U1U; 4U1V; 4U20; 4U24; 4U25; 4U26; 4U27; 4V47; 4V48; 4V4H; 4V4Q; 4V4V; 4V4W; 4V50; 4V52; 4V53; 4V54; 4V55; 4V56; 4V57; 4V5B; 4V5H; 4V5Y; 4V64; 4V65; 4V66; 4V69; 4V6C; 4V6D; 4V6E; 4V6K; 4V6L; 4V6M; 4V6N; 4V6O; 4V6P; 4V6Q; 4V6R; 4V6S; 4V6T; 4V6V; 4V6Y; 4V6Z; 4V70; 4V71; 4V72; 4V73; 4V74; 4V75; 4V76; 4V77; 4V78; 4V79; 4V7A; 4V7B; 4V7C; 4V7D; 4V7I; 4V7S; 4V7T; 4V7U; 4V7V; 4V85; 4V89; 4V9C; 4V9D; 4V9O; 4V9P; 4WF1; 4WOI; 4WWW; 4YBB; 5AFI,,,,Escherichia coli (strain K12),DB04729
P08913,Alpha-2A adrenergic receptor,ADRA2A,178196,M23533,P08913,ADA2A_HUMAN,1HLL; 1HO9; 1HOD; 1HOF,,ADRA2A,HGNC:281,Human,DB01472
P18825,Alpha-2C adrenergic receptor,ADRA2C,178194,J03853,P18825,ADA2C_HUMAN,"",,ADRA2C,HGNC:283,Human,DB08838
Q05586,"Glutamate receptor ionotropic, NMDA 1",GRIN1,219920,D13515,Q05586,NMDZ1_HUMAN,2HQW; 2NR1; 3BYA,,GRIN1,HGNC:4584,Human,DB08838
P47869,Gamma-aminobutyric acid receptor subunit alpha-2,GABRA2,386422,S62907,P47869,GBRA2_HUMAN,"",,GABRA2,HGNC:4076,Human,DB01496
Q13224,"Glutamate receptor ionotropic, NMDA 2B",GRIN2B,1899202,U90278,Q13224,NMDE2_HUMAN,1S11; 1S2S; 2IPV,,GRIN2B,HGNC:4586,Human,DB01520
P41143,Delta-type opioid receptor,OPRD1,27545517,U07882,P41143,OPRD_HUMAN,1OZC; 2IQM; 4N6H; 4RWA; 4RWD,,OPRD1,HGNC:8153,Human,DB01439
P28223,5-hydroxytryptamine receptor 2A,HTR2A,36431,S42168,P28223,5HT2A_HUMAN,"",,HTR2A,HGNC:5293,Human,DB01442
Q14957,"Glutamate receptor ionotropic, NMDA 2C",GRIN2C,1196449,L76224,Q14957,NMDE3_HUMAN,"",,GRIN2C,HGNC:4587,Human,DB01520
P31644,Gamma-aminobutyric acid receptor subunit alpha-5,GABRA5,182916,L08485,P31644,GBRA5_HUMAN,"",,GABRA5,HGNC:4079,Human,DB01496
P48169,Gamma-aminobutyric acid receptor subunit alpha-4,GABRA4,905393,U30461,P48169,GBRA4_HUMAN,"",,GABRA4,HGNC:4078,Human,DB01496
P23975,Sodium-dependent noradrenaline transporter,SLC6A2,189258,M65105,P23975,SC6A2_HUMAN,"",,SLC6A2,HGNC:11048,Human,DB01442; DB01454
P35348,Alpha-1A adrenergic receptor,ADRA1A,433201,D25235,P35348,ADA1A_HUMAN,"",,ADRA1A,HGNC:277,Human,DB01472; DB09202
P34903,Gamma-aminobutyric acid receptor subunit alpha-3,GABRA3,386424,S62908,P34903,GBRA3_HUMAN,"",,GABRA3,HGNC:4077,Human,DB01496
P28335,5-hydroxytryptamine receptor 2C,HTR2C,338028,M81778,P28335,5HT2C_HUMAN,"",,HTR2C,HGNC:5295,Human,DB01537
O60391,"Glutamate receptor ionotropic, NMDA 3B",GRIN3B,3025446,AC004528,O60391,NMD3B_HUMAN,"",,GRIN3B,HGNC:16768,Human,DB01520
P04035,3-hydroxy-3-methylglutaryl-coenzyme A reductase,HMGCR,306865,M11058,P04035,HMDH_HUMAN,1DQ8; 1DQ9; 1DQA; 1HW8; 1HW9; 1HWI; 1HWJ; 1HWK; 1HWL; 2Q1L; 2Q6B; 2Q6C; 2R4F; 3BGL; 3CCT; 3CCW; 3CCZ; 3CD0; 3CD5; 3CD7; 3CDA; 3CDB,,HMGCR,HGNC:5006,Human,DB06693
P35368,Alpha-1B adrenergic receptor,ADRA1B,,M99589,P35368,ADA1B_HUMAN,"",,ADRA1B,HGNC:278,Human,DB09202
Q8XJ01,Penicillin-binding protein 1A,pbpA,18145626,BA000016,Q8XJ01,PBPA_CLOPE,"",,,,Clostridium perfringens (strain 13 / Type A),DB04133
P41145,Kappa-type opioid receptor,OPRK1,532060,U11053,P41145,OPRK_HUMAN,2A0D; 2IQN; 4DJH,,OPRK1,HGNC:8154,Human,DB01439
Q8TCU5,"Glutamate receptor ionotropic, NMDA 3A",GRIN3A,20372905,AJ416950,Q8TCU5,NMD3A_HUMAN,"",,GRIN3A,HGNC:16767,Human,DB01520; DB01549
P48048,ATP-sensitive inward rectifier potassium channel 1,KCNJ1,529313,U12541,P48048,KCNJ1_HUMAN,"",,KCNJ1,HGNC:6255,Human,DB08838
Q01959,Sodium-dependent dopamine transporter,SLC6A3,553260,M96670,Q01959,SC6A3_HUMAN,"",,SLC6A3,HGNC:11049,Human,DB01442; DB01472
P08235,Mineralocorticoid receptor,NR3C2,307166,M16801,P08235,MCR_HUMAN,1Y9R; 1YA3; 2A3I; 2AA2; 2AA5; 2AA6; 2AA7; 2AAX; 2AB2; 2ABI; 2OAX; 3VHU; 3VHV; 3WFF; 3WFG; 4PF3; 4TNT,,NR3C2,HGNC:7979,Human,DB01134
P25100,Alpha-1D adrenergic receptor,ADRA1D,177807,M76446,P25100,ADA1D_HUMAN,"",,ADRA1D,HGNC:280,Human,DB09202
P31645,Sodium-dependent serotonin transporter,SLC6A4,36433,X70697,P31645,SC6A4_HUMAN,"",,SLC6A4,HGNC:11050,Human,DB01442; DB01454; DB01472
Q12879,"Glutamate receptor ionotropic, NMDA 2A",GRIN2A,558749,U09002,Q12879,NMDE1_HUMAN,3NFL,,GRIN2A,HGNC:4585,Human,DB01520
Q16445,Gamma-aminobutyric acid receptor subunit alpha-6,GABRA6,1470364,S81944,Q16445,GBRA6_HUMAN,"",,GABRA6,HGNC:4080,Human,DB01496
P35372,Mu-type opioid receptor,OPRM1,452073,L25119,P35372,OPRM_HUMAN,"",,OPRM1,HGNC:8156,Human,DB01439; DB01444; DB01565
P14867,Gamma-aminobutyric acid receptor subunit alpha-1,GABRA1,31631,X13584,P14867,GBRA1_HUMAN,"",,GABRA1,HGNC:4075,Human,DB00466; DB01341; DB01496
P50406,5-hydroxytryptamine receptor 6,HTR6,1162924,L41147,P50406,5HT6R_HUMAN,"",,HTR6,HGNC:5301,Human,DB01488
P27338,Amine oxidase [flavin-containing] B,MAOB,398415,S62734,P27338,AOFB_HUMAN,1GOS; 1H8R; 1OJ9; 1OJA; 1OJC; 1OJD; 1S2Q; 1S2Y; 1S3B; 1S3E; 2BK3; 2BK4; 2BK5; 2BYB; 2C64; 2C65; 2C66; 2C67; 2C70; 2C72; 2C73; 2C75; 2C76; 2V5Z; 2V60; 2V61; 2VRL; 2VRM; 2VZ2; 2XCG; 2XFN; 2XFO; 2XFP; 2XFQ; 2XFU; 3PO7; 3ZYX; 4A79; 4A7A; 4CRT,,MAOB,HGNC:6834,Human,DB01442
P21397,Amine oxidase [flavin-containing] A,MAOA,187353,M68840,P21397,AOFA_HUMAN,1H8Q; 2BXR; 2BXS; 2Z5X; 2Z5Y,,MAOA,HGNC:6833,Human,DB01442
Q00975,Voltage-dependent N-type calcium channel subunit alpha-1B,CACNA1B,179758,M94172,Q00975,CAC1B_HUMAN,2LCM,,CACNA1B,HGNC:1389,Human,DB08838
P38606,V-type proton ATPase catalytic subunit A,ATP6V1A,291868,L09235,P38606,VATA_HUMAN,"",,,HGNC:851,Human,DB06733; DB06734
Q9Y2I1,Nischarin,NISCH,3462807,AF082516,Q9Y2I1,NISCH_HUMAN,3P0C,,,HGNC:18006,Human,DB08838
P0A3M6,Penicillin-binding protein 2B,penA,984233,X16022,P0A3M6,PBP2_STRR6,2WAD; 2WAE; 2WAF,,,,Streptococcus pneumoniae (strain ATCC BAA-255 / R6),DB03313
Q15118,"[Pyruvate dehydrogenase (acetyl-transferring)] kinase isozyme 1, mitochondrial",PDK1,1088281,L42450,Q15118,PDK1_HUMAN,2Q8F; 2Q8G; 2Q8H,,,HGNC:8809,Human,DB08809
Q8DR59,Penicillin-binding protein 1A,pbpA,153767,M90527,Q8DR59,PBPA_STRR6,2C5W; 2C6W; 2V2F; 2ZC5; 2ZC6,,,,Streptococcus pneumoniae (strain ATCC BAA-255 / R6),DB03313
Q7CRA4,Penicillin-binding protein 1b,pbp1b,15457529,AE007317,Q7CRA4,Q7CRA4_STRR6,2UWX; 2XD1; 2XD5; 2Y2G; 2Y2H; 2Y2I; 2Y2J; 2Y2K; 2Y2L; 2Y2M; 2Y2N; 2Y2O; 2Y2P; 2Y2Q,,,,Streptococcus pneumoniae (strain ATCC BAA-255 / R6),DB03313
Q75Y35,Penicillin-binding protein 3,pbp3,,,Q75Y35,Q75Y35_STREE,"",,,,Streptococcus pneumoniae,DB03313
Q8DNB6,Penicillin-binding protein 2a,pbp2a,,,Q8DNB6,Q8DNB6_STRR6,"",,,,Streptococcus pneumoniae (strain ATCC BAA-255 / R6),DB03313
P02708,Acetylcholine receptor subunit alpha,CHRNA1,,,P02708,ACHA_HUMAN,1Y5P; 1Y5T; 1Y6C; 4ZJS,,,HGNC:1955,Human,DB08838
P54219,Chromaffin granule amine transporter,SLC18A1,,,P54219,VMAT1_HUMAN,"",,,HGNC:10934,Human,DB01442
Q9UHC3,Acid-sensing ion channel 3,ASIC3,,,Q9UHC3,ASIC3_HUMAN,"",,,HGNC:101,Human,DB08838
P08913,Alpha-2A adrenergic receptor,ADRA2A,178196,M23533,P08913,ADA2A_HUMAN,1HLL; 1HO9; 1HOD; 1HOF,,ADRA2A,HGNC:281,Human,DB09202
P18089,Alpha-2B adrenergic receptor,ADRA2B,178198,M34041,P18089,ADA2B_HUMAN,2CVA,,ADRA2B,HGNC:282,Human,DB09202
P18825,Alpha-2C adrenergic receptor,ADRA2C,178194,J03853,P18825,ADA2C_HUMAN,"",,ADRA2C,HGNC:283,Human,DB09202
